{
  "_generated": "Generated by SweetTooth, do not edit",
  "description": "Fully customizable replacement for the old compiz put plugin. \n * Move windows to left/right side, bottom/top, center or corner \n * Move window to other screen \n * Select focused window using the keyboard \n * Application based window placement \n\n Please check github if your gnome-shell version is not supported",
  "gettext-domain": "putWindow",
  "name": "Put Windows",
  "settings-schema": "org.gnome.shell.extensions.org-lab21-putwindow",
  "shell-version": [
    "3.24",
    "3.26",
    "3.28",
    "3.30",
    "3.34",
    "3.32",
    "3.36",
    "3.38"
  ],
  "url": "https://github.com/negesti/gnome-shell-extensions-negesti",
  "uuid": "putWindow@clemens.lab21.org",
  "version": 32
}